task_id,sample,label,length_logprob_score,hidden_all_score
gsm8k/0,0,1,0.5477047562599182,0.5675553679466248
gsm8k/0,1,1,0.7430440783500671,0.889760434627533
gsm8k/0,2,1,0.6802787184715271,0.8754576444625854
gsm8k/0,3,1,0.712867021560669,0.8820770978927612
gsm8k/1,0,0,0.7109269499778748,0.843126654624939
gsm8k/1,1,1,0.9038679003715515,0.9338377118110657
gsm8k/1,2,1,0.7671908736228943,0.8895270228385925
gsm8k/1,3,1,0.8932439088821411,0.9201329350471497
gsm8k/2,0,0,0.4962063729763031,0.22599175572395325
gsm8k/2,1,0,0.4238572418689728,0.17372913658618927
gsm8k/2,2,0,0.453237384557724,0.15510720014572144
gsm8k/2,3,0,0.45596373081207275,0.17318804562091827
gsm8k/3,0,1,0.7994920015335083,0.9648175239562988
gsm8k/3,1,1,0.17710140347480774,0.23670296370983124
gsm8k/3,2,1,0.7221516966819763,0.935531497001648
gsm8k/3,3,1,0.8181737065315247,0.9640803933143616
gsm8k/4,0,1,0.8086118698120117,0.6264747977256775
gsm8k/4,1,1,0.8078354597091675,0.5846092104911804
gsm8k/4,2,1,0.8248603343963623,0.6282317042350769
gsm8k/4,3,1,0.8078354597091675,0.5846092104911804
gsm8k/5,0,1,0.7276099920272827,0.675961434841156
gsm8k/5,1,0,0.59242844581604,0.4583914875984192
gsm8k/5,2,0,0.3926723599433899,0.08612882345914841
gsm8k/5,3,1,0.6310760974884033,0.42445090413093567
gsm8k/6,0,1,0.7908979058265686,0.854942262172699
gsm8k/6,1,0,0.6555505394935608,0.7761934399604797
gsm8k/6,2,1,0.6630195379257202,0.7659180164337158
gsm8k/6,3,0,0.645954966545105,0.7237692475318909
gsm8k/7,0,0,0.3970020115375519,0.2589907646179199
gsm8k/7,1,0,0.36370849609375,0.5595160126686096
gsm8k/7,2,0,0.28367817401885986,0.2953355312347412
gsm8k/7,3,1,0.34353411197662354,0.39478611946105957
gsm8k/8,0,0,0.21553334593772888,0.5819392204284668
gsm8k/8,1,0,0.2638185918331146,0.5852997899055481
gsm8k/8,2,0,0.25180158019065857,0.6902359127998352
gsm8k/8,3,0,0.17268073558807373,0.5939490795135498
gsm8k/9,0,1,0.7068132162094116,0.6106681823730469
gsm8k/9,1,1,0.5968088507652283,0.6152372360229492
gsm8k/9,2,1,0.7133508920669556,0.6455751061439514
gsm8k/9,3,1,0.6832891702651978,0.6592544913291931
gsm8k/10,0,1,0.6597300171852112,0.7528235912322998
gsm8k/10,1,1,0.6421833038330078,0.6884319186210632
gsm8k/10,2,0,0.44385823607444763,0.5199116468429565
gsm8k/10,3,0,0.604000985622406,0.5002006888389587
gsm8k/11,0,1,0.6488677859306335,0.5252087712287903
gsm8k/11,1,0,0.5425811409950256,0.3155857026576996
gsm8k/11,2,0,0.47911062836647034,0.1527910828590393
gsm8k/11,3,0,0.5319713950157166,0.2908788025379181
gsm8k/12,0,0,0.42720362544059753,0.3894316256046295
gsm8k/12,1,0,0.4263097643852234,0.5587515830993652
gsm8k/12,2,0,0.4454878866672516,0.4680590033531189
gsm8k/12,3,0,0.23959866166114807,0.4489971697330475
gsm8k/13,0,0,0.46927857398986816,0.09535366296768188
gsm8k/13,1,0,0.4813409447669983,0.2409650981426239
gsm8k/13,2,0,0.047616008669137955,0.03658588230609894
gsm8k/13,3,0,0.45005637407302856,0.13506446778774261
gsm8k/14,0,1,0.6578546166419983,0.3493857979774475
gsm8k/14,1,1,0.7132270932197571,0.5960133671760559
gsm8k/14,2,1,0.6628656983375549,0.4367513358592987
gsm8k/14,3,1,0.6635412573814392,0.41768792271614075
gsm8k/15,0,1,0.6813170909881592,0.203155517578125
gsm8k/15,1,0,0.5406387448310852,0.06636432558298111
gsm8k/15,2,1,0.6006969809532166,0.09693358838558197
gsm8k/15,3,0,0.45912787318229675,0.04163606837391853
gsm8k/16,0,1,0.7252135872840881,0.29296445846557617
gsm8k/16,1,1,0.6534310579299927,0.314739853143692
gsm8k/16,2,1,0.6875854134559631,0.40031346678733826
gsm8k/16,3,1,0.5947765111923218,0.20606496930122375
gsm8k/17,0,0,0.5382071137428284,0.21666471660137177
gsm8k/17,1,0,0.4806806445121765,0.2722989022731781
gsm8k/17,2,0,0.5711896419525146,0.23604300618171692
gsm8k/17,3,0,0.21654275059700012,0.19218306243419647
gsm8k/18,0,0,0.9161924123764038,0.8113873600959778
gsm8k/18,1,0,0.8880996108055115,0.8370985984802246
gsm8k/18,2,1,0.9179993271827698,0.8054472804069519
gsm8k/18,3,1,0.8880457282066345,0.835593044757843
gsm8k/19,0,0,0.7151897549629211,0.634369432926178
gsm8k/19,1,1,0.7900206446647644,0.6972967982292175
gsm8k/19,2,0,0.89934903383255,0.6887122988700867
gsm8k/19,3,1,0.9019984602928162,0.6838486790657043
gsm8k/20,0,0,0.6603887677192688,0.7043876051902771
gsm8k/20,1,0,0.6298022270202637,0.5229371190071106
gsm8k/20,2,0,0.40565046668052673,0.27348729968070984
gsm8k/20,3,0,0.41193774342536926,0.29583311080932617
gsm8k/21,0,1,0.7249782085418701,0.3439781069755554
gsm8k/21,1,1,0.7401009798049927,0.38358253240585327
gsm8k/21,2,1,0.859596848487854,0.6844169497489929
gsm8k/21,3,1,0.8552349805831909,0.6755204200744629
gsm8k/22,0,1,0.7842292189598083,0.8421787023544312
gsm8k/22,1,1,0.7755422592163086,0.8663696050643921
gsm8k/22,2,1,0.8178095817565918,0.8874980807304382
gsm8k/22,3,0,0.32246556878089905,0.1532861739397049
gsm8k/23,0,1,0.8009223341941833,0.8773468732833862
gsm8k/23,1,1,0.7381174564361572,0.870633065700531
gsm8k/23,2,1,0.7788890600204468,0.9077628254890442
gsm8k/23,3,1,0.6982522010803223,0.8851495385169983
gsm8k/24,0,0,0.8401218056678772,0.6820737719535828
gsm8k/24,1,1,0.7710093259811401,0.40011662244796753
gsm8k/24,2,1,0.8406663537025452,0.6477115154266357
gsm8k/24,3,1,0.8210850358009338,0.6323814392089844
gsm8k/25,0,1,0.4500563144683838,0.5669795274734497
gsm8k/25,1,0,0.3700813055038452,0.5439872741699219
gsm8k/25,2,1,0.7597785592079163,0.7936922311782837
gsm8k/25,3,1,0.5180908441543579,0.6427629590034485
gsm8k/26,0,1,0.5571475625038147,0.5013182163238525
gsm8k/26,1,0,0.4848131835460663,0.3156176209449768
gsm8k/26,2,0,0.4801234304904938,0.3136466145515442
gsm8k/26,3,0,0.23992282152175903,0.25074583292007446
gsm8k/27,0,1,0.7586617469787598,0.9272133708000183
gsm8k/27,1,1,0.6241348385810852,0.8749147057533264
gsm8k/27,2,1,0.6678716540336609,0.8896780610084534
gsm8k/27,3,1,0.5246139168739319,0.7650878429412842
gsm8k/28,0,1,0.7160422801971436,0.8861719369888306
gsm8k/28,1,1,0.7784281969070435,0.8203420639038086
gsm8k/28,2,1,0.7399579882621765,0.8005918860435486
gsm8k/28,3,1,0.6541613936424255,0.6415657997131348
gsm8k/29,0,1,0.7205437421798706,0.6712163090705872
gsm8k/29,1,1,0.7572454810142517,0.632856011390686
gsm8k/29,2,1,0.5334337949752808,0.41497164964675903
gsm8k/29,3,1,0.7924841642379761,0.6760804057121277
gsm8k/30,0,1,0.6179693937301636,0.6117843985557556
gsm8k/30,1,1,0.6741204857826233,0.7139095067977905
gsm8k/30,2,1,0.6536915302276611,0.6810290813446045
gsm8k/30,3,1,0.6854172945022583,0.6848616003990173
gsm8k/31,0,0,0.8338285684585571,0.32546985149383545
gsm8k/31,1,1,0.6133714914321899,0.4002678692340851
gsm8k/31,2,0,0.6717275381088257,0.5242608785629272
gsm8k/31,3,1,0.7382605075836182,0.2538987994194031
gsm8k/32,0,1,0.8498156070709229,0.904405415058136
gsm8k/32,1,1,0.7801259160041809,0.8841894865036011
gsm8k/32,2,1,0.842879593372345,0.9271705746650696
gsm8k/32,3,1,0.8118663430213928,0.8693552613258362
gsm8k/33,0,1,0.812583863735199,0.9678318500518799
gsm8k/33,1,0,0.7224071025848389,0.9376067519187927
gsm8k/33,2,1,0.6920326948165894,0.9200670123100281
gsm8k/33,3,1,0.743055522441864,0.9469648003578186
gsm8k/34,0,1,0.7861708998680115,0.8393380641937256
gsm8k/34,1,1,0.7569336295127869,0.7487528920173645
gsm8k/34,2,0,0.7510784268379211,0.7721981406211853
gsm8k/34,3,1,0.7910379767417908,0.7643927335739136
gsm8k/35,0,1,0.6433660387992859,0.7817456722259521
gsm8k/35,1,1,0.7033455967903137,0.8296718597412109
gsm8k/35,2,1,0.5827165246009827,0.7651178240776062
gsm8k/35,3,1,0.6882410049438477,0.8486809134483337
gsm8k/36,0,1,0.7757083773612976,0.880597710609436
gsm8k/36,1,1,0.6772075891494751,0.8273994326591492
gsm8k/36,2,1,0.6752710938453674,0.8445625901222229
gsm8k/36,3,0,0.3700709342956543,0.33228379487991333
gsm8k/37,0,0,0.6783410310745239,0.6796252131462097
gsm8k/37,1,0,0.6827446222305298,0.640689492225647
gsm8k/37,2,0,0.6666525602340698,0.4865322411060333
gsm8k/37,3,0,0.6983360648155212,0.6673104763031006
gsm8k/38,0,1,0.7543919682502747,0.8063841462135315
gsm8k/38,1,1,0.7804042100906372,0.804287850856781
gsm8k/38,2,1,0.7365245223045349,0.7624440789222717
gsm8k/38,3,1,0.24862807989120483,0.3528386354446411
gsm8k/39,0,1,0.48516255617141724,0.27299636602401733
gsm8k/39,1,0,0.3948548436164856,0.1426234245300293
gsm8k/39,2,1,0.4369146227836609,0.16365496814250946
gsm8k/39,3,0,0.38224172592163086,0.08072715252637863
gsm8k/40,0,1,0.7656165361404419,0.21242782473564148
gsm8k/40,1,0,0.08121117949485779,0.0339796356856823
gsm8k/40,2,1,0.5791286826133728,0.2706585228443146
gsm8k/40,3,1,0.872999906539917,0.6807001233100891
gsm8k/41,0,1,0.37238162755966187,0.4717903435230255
gsm8k/41,1,1,0.4454966187477112,0.6277998089790344
gsm8k/41,2,1,0.2970393896102905,0.4396792948246002
gsm8k/41,3,1,0.28833505511283875,0.2925910949707031
gsm8k/42,0,1,0.630457878112793,0.9603196382522583
gsm8k/42,1,0,0.35477086901664734,0.6354379057884216
gsm8k/42,2,1,0.35477086901664734,0.6354379057884216
gsm8k/42,3,1,0.6353519558906555,0.9629754424095154
gsm8k/43,0,0,0.17762508988380432,0.2783849835395813
gsm8k/43,1,0,0.4229143559932709,0.3343747556209564
gsm8k/43,2,0,0.6336120963096619,0.8082637190818787
gsm8k/43,3,0,0.1558096706867218,0.28230544924736023
gsm8k/44,0,1,0.6898486614227295,0.643957257270813
gsm8k/44,1,1,0.4353336691856384,0.617814302444458
gsm8k/44,2,0,0.37465396523475647,0.5358923077583313
gsm8k/44,3,1,0.6935516595840454,0.6256331205368042
gsm8k/45,0,0,0.410918265581131,0.28514134883880615
gsm8k/45,1,1,0.4770257771015167,0.6498587131500244
gsm8k/45,2,0,0.41240379214286804,0.3307799696922302
gsm8k/45,3,1,0.4580059051513672,0.6132362484931946
gsm8k/46,0,1,0.5201576948165894,0.947838544845581
gsm8k/46,1,1,0.3274537920951843,0.893083393573761
gsm8k/46,2,1,0.5330911874771118,0.9515773057937622
gsm8k/46,3,1,0.39096787571907043,0.8224300742149353
gsm8k/47,0,0,0.5022197961807251,0.22085252404212952
gsm8k/47,1,0,0.04074380174279213,0.051267798990011215
gsm8k/47,2,0,0.7320284843444824,0.23086413741111755
gsm8k/47,3,0,0.5384568572044373,0.2871040403842926
gsm8k/48,0,1,0.1600586324930191,0.26456108689308167
gsm8k/48,1,1,0.7774890065193176,0.8966355323791504
gsm8k/48,2,1,0.7774739265441895,0.8962886929512024
gsm8k/48,3,1,0.8617762923240662,0.9622872471809387
gsm8k/49,0,1,0.7651430368423462,0.7227311730384827
gsm8k/49,1,1,0.7879339456558228,0.744777500629425
gsm8k/49,2,0,0.834362268447876,0.810107409954071
gsm8k/49,3,1,0.8323442935943604,0.8270240426063538
gsm8k/50,0,0,0.5939694046974182,0.32601678371429443
gsm8k/50,1,1,0.6655356287956238,0.5257503986358643
gsm8k/50,2,1,0.6209990978240967,0.48321741819381714
gsm8k/50,3,0,0.49532416462898254,0.37380003929138184
gsm8k/51,0,1,0.7752705216407776,0.8059662580490112
gsm8k/51,1,1,0.6623482704162598,0.5127220153808594
gsm8k/51,2,1,0.6363235116004944,0.7730225920677185
gsm8k/51,3,1,0.49368053674697876,0.34351375699043274
gsm8k/52,0,0,0.8086596131324768,0.8485006093978882
gsm8k/52,1,0,0.6352154612541199,0.8500553369522095
gsm8k/52,2,0,0.9408091306686401,0.516539454460144
gsm8k/52,3,1,0.950672447681427,0.5841724872589111
gsm8k/53,0,0,0.802914023399353,0.4373258650302887
gsm8k/53,1,0,0.8124703168869019,0.4477510154247284
gsm8k/53,2,0,0.8515926003456116,0.46185430884361267
gsm8k/53,3,0,0.8308560252189636,0.4605175852775574
gsm8k/54,0,1,0.4736754298210144,0.5921515226364136
gsm8k/54,1,1,0.6082479953765869,0.5421998500823975
gsm8k/54,2,1,0.5542868971824646,0.5933915376663208
gsm8k/54,3,1,0.5280808210372925,0.4232986271381378
gsm8k/55,0,0,0.7837120890617371,0.9783555269241333
gsm8k/55,1,1,0.8719140887260437,0.9904671311378479
gsm8k/55,2,1,0.8264756202697754,0.9799434542655945
gsm8k/55,3,1,0.7970170974731445,0.9806666970252991
gsm8k/56,0,1,0.7482930421829224,0.9006061553955078
gsm8k/56,1,1,0.6928364038467407,0.9225601553916931
gsm8k/56,2,1,0.7987982630729675,0.9013479948043823
gsm8k/56,3,1,0.8251217007637024,0.945179283618927
gsm8k/57,0,0,0.45767509937286377,0.3804719150066376
gsm8k/57,1,0,0.44063082337379456,0.394421249628067
gsm8k/57,2,0,0.5066116452217102,0.40462571382522583
gsm8k/57,3,0,0.49209317564964294,0.4850006401538849
gsm8k/58,0,0,0.49020102620124817,0.824755847454071
gsm8k/58,1,1,0.5065955519676208,0.8456371426582336
gsm8k/58,2,1,0.493722140789032,0.8365320563316345
gsm8k/58,3,1,0.48623764514923096,0.8006090521812439
gsm8k/59,0,1,0.7739537358283997,0.9365797638893127
gsm8k/59,1,1,0.7468662858009338,0.9441580176353455
gsm8k/59,2,1,0.8245419859886169,0.9603431820869446
gsm8k/59,3,1,0.7732781767845154,0.933006763458252
gsm8k/60,0,1,0.5216177701950073,0.6497278809547424
gsm8k/60,1,1,0.43680238723754883,0.38845646381378174
gsm8k/60,2,1,0.6753632426261902,0.6438926458358765
gsm8k/60,3,1,0.6997135281562805,0.5901849269866943
gsm8k/61,0,1,0.5191773772239685,0.8669907450675964
gsm8k/61,1,1,0.6041954755783081,0.8471113443374634
gsm8k/61,2,1,0.49678558111190796,0.6567264199256897
gsm8k/61,3,1,0.7304378747940063,0.9120818972587585
gsm8k/62,0,0,0.1430409550666809,0.023432228714227676
gsm8k/62,1,0,0.029739942401647568,0.004274340812116861
gsm8k/62,2,0,0.06636910140514374,0.014932517893612385
gsm8k/62,3,0,0.30151936411857605,0.01764250546693802
gsm8k/63,0,0,0.38253211975097656,0.1795119345188141
gsm8k/63,1,0,0.5195620656013489,0.2528786063194275
gsm8k/63,2,0,0.5405206680297852,0.29904913902282715
gsm8k/63,3,0,0.3219451904296875,0.18376417458057404
gsm8k/64,0,1,0.48713064193725586,0.731137216091156
gsm8k/64,1,0,0.3535102903842926,0.43841037154197693
gsm8k/64,2,0,0.38038337230682373,0.5273317098617554
gsm8k/64,3,1,0.44538408517837524,0.6837489604949951
gsm8k/65,0,1,0.7649170160293579,0.9669751524925232
gsm8k/65,1,1,0.7247369289398193,0.9225913882255554
gsm8k/65,2,1,0.8250260353088379,0.9613985419273376
gsm8k/65,3,1,0.7424063682556152,0.9571946859359741
gsm8k/66,0,1,0.5837327837944031,0.8420748114585876
gsm8k/66,1,1,0.696442186832428,0.9551678895950317
gsm8k/66,2,0,0.6226558685302734,0.8490274548530579
gsm8k/66,3,0,0.5566412210464478,0.8217108845710754
gsm8k/67,0,0,0.6055122017860413,0.7171155214309692
gsm8k/67,1,0,0.5782843828201294,0.7360477447509766
gsm8k/67,2,0,0.5925956964492798,0.751068115234375
gsm8k/67,3,1,0.7811858057975769,0.6991768479347229
gsm8k/68,0,1,0.7754892110824585,0.9360948204994202
gsm8k/68,1,1,0.7022983431816101,0.8843812346458435
gsm8k/68,2,0,0.7576702833175659,0.9320361018180847
gsm8k/68,3,1,0.7842583656311035,0.9543349742889404
gsm8k/69,0,1,0.636445939540863,0.9558021426200867
gsm8k/69,1,1,0.6226649284362793,0.9443840980529785
gsm8k/69,2,1,0.7307546138763428,0.9671451449394226
gsm8k/69,3,1,0.6336510181427002,0.954860508441925
gsm8k/70,0,1,0.7153655290603638,0.7745346426963806
gsm8k/70,1,0,0.4048883616924286,0.17580905556678772
gsm8k/70,2,1,0.4990849494934082,0.32699161767959595
gsm8k/70,3,0,0.437274694442749,0.3511180281639099
gsm8k/71,0,1,0.8510903120040894,0.980050265789032
gsm8k/71,1,1,0.880618155002594,0.9761511087417603
gsm8k/71,2,1,0.8311157822608948,0.9783481955528259
gsm8k/71,3,1,0.825242817401886,0.9852161407470703
gsm8k/72,0,0,0.27714696526527405,0.13717564940452576
gsm8k/72,1,1,0.6169320940971375,0.4395825266838074
gsm8k/72,2,1,0.7146235704421997,0.6562932729721069
gsm8k/72,3,0,0.2704222798347473,0.2534647583961487
gsm8k/73,0,0,0.3267311155796051,0.08202675729990005
gsm8k/73,1,0,0.14178010821342468,0.023595234379172325
gsm8k/73,2,0,0.46085286140441895,0.24710063636302948
gsm8k/73,3,0,0.4875727891921997,0.11515435576438904
gsm8k/74,0,0,0.2394983023405075,0.03994204103946686
gsm8k/74,1,0,0.1748683601617813,0.05266142264008522
gsm8k/74,2,1,0.265439510345459,0.17958000302314758
gsm8k/74,3,0,0.22939977049827576,0.048993200063705444
gsm8k/75,0,1,0.6224960684776306,0.5006967186927795
gsm8k/75,1,0,0.6198373436927795,0.5297628045082092
gsm8k/75,2,0,0.5458180904388428,0.24708858132362366
gsm8k/75,3,0,0.5391939878463745,0.2134258896112442
gsm8k/76,0,1,0.4953242838382721,0.7439666390419006
gsm8k/76,1,0,0.40005502104759216,0.5225397348403931
gsm8k/76,2,1,0.4947703778743744,0.7149572968482971
gsm8k/76,3,0,0.3907395601272583,0.6217820048332214
gsm8k/77,0,1,0.8835324645042419,0.7116321921348572
gsm8k/77,1,0,0.7946054339408875,0.7470046281814575
gsm8k/77,2,1,0.9211178421974182,0.7335325479507446
gsm8k/77,3,1,0.8230302929878235,0.49827826023101807
gsm8k/78,0,0,0.7769863605499268,0.33975347876548767
gsm8k/78,1,1,0.7750683426856995,0.3383595645427704
gsm8k/78,2,0,0.5595066547393799,0.07674567401409149
gsm8k/78,3,0,0.7575700879096985,0.31191933155059814
gsm8k/79,0,1,0.841902494430542,0.8973463177680969
gsm8k/79,1,0,0.813308835029602,0.8778720498085022
gsm8k/79,2,1,0.8397156596183777,0.9012061357498169
gsm8k/79,3,1,0.8080614805221558,0.9027597904205322
gsm8k/80,0,1,0.7097181081771851,0.9565668106079102
gsm8k/80,1,1,0.7759699821472168,0.9315251111984253
gsm8k/80,2,0,0.4466676712036133,0.38165411353111267
gsm8k/80,3,1,0.7929767370223999,0.9665920734405518
gsm8k/81,0,1,0.8015092611312866,0.9444057941436768
gsm8k/81,1,1,0.7609187960624695,0.9523669481277466
gsm8k/81,2,1,0.6528460383415222,0.880699098110199
gsm8k/81,3,1,0.7214127779006958,0.897408127784729
gsm8k/82,0,0,0.6710640788078308,0.8090343475341797
gsm8k/82,1,1,0.8454535007476807,0.9569142460823059
gsm8k/82,2,1,0.9665635824203491,0.46287068724632263
gsm8k/82,3,1,0.8356742858886719,0.9330881237983704
gsm8k/83,0,1,0.866746187210083,0.9608877897262573
gsm8k/83,1,1,0.8075787425041199,0.920600175857544
gsm8k/83,2,0,0.2938474714756012,0.2774432599544525
gsm8k/83,3,1,0.8540658950805664,0.951795756816864
gsm8k/84,0,1,0.4974304735660553,0.3631930649280548
gsm8k/84,1,1,0.7648923993110657,0.9545131325721741
gsm8k/84,2,1,0.7916072607040405,0.9665570855140686
gsm8k/84,3,1,0.7311554551124573,0.9243055582046509
gsm8k/85,0,1,0.6701464653015137,0.7332477569580078
gsm8k/85,1,1,0.6589542031288147,0.8027939796447754
gsm8k/85,2,1,0.655390739440918,0.8069371581077576
gsm8k/85,3,1,0.5653217434883118,0.6534020304679871
gsm8k/86,0,0,0.4179869592189789,0.39386168122291565
gsm8k/86,1,1,0.6764456629753113,0.7205612659454346
gsm8k/86,2,0,0.3417605757713318,0.3139718174934387
gsm8k/86,3,1,0.4400719702243805,0.4599427580833435
gsm8k/87,0,0,0.5220198035240173,0.4136478006839752
gsm8k/87,1,0,0.5291175842285156,0.6296526193618774
gsm8k/87,2,0,0.5356431603431702,0.7779891490936279
gsm8k/87,3,0,0.2948746979236603,0.041421860456466675
gsm8k/88,0,0,0.6082049608230591,0.5500502586364746
gsm8k/88,1,1,0.6551157236099243,0.5541654825210571
gsm8k/88,2,1,0.7399827241897583,0.7100381255149841
gsm8k/88,3,1,0.8259417414665222,0.9030103087425232
gsm8k/89,0,0,0.3106720447540283,0.10443534702062607
gsm8k/89,1,0,0.6458629965782166,0.46048909425735474
gsm8k/89,2,1,0.4569959342479706,0.3865357041358948
gsm8k/89,3,1,0.6827501058578491,0.6128840446472168
gsm8k/90,0,1,0.7191938757896423,0.8869315385818481
gsm8k/90,1,1,0.6816414594650269,0.8990892767906189
gsm8k/90,2,1,0.597319483757019,0.8854520320892334
gsm8k/90,3,1,0.6381050944328308,0.8856493234634399
gsm8k/91,0,1,0.8240390419960022,0.8729497790336609
gsm8k/91,1,1,0.8123051524162292,0.9052825570106506
gsm8k/91,2,1,0.7576356530189514,0.864334762096405
gsm8k/91,3,0,0.6322824954986572,0.3402504324913025
gsm8k/92,0,1,0.6542747020721436,0.850028395652771
gsm8k/92,1,0,0.7092766761779785,0.8132426142692566
gsm8k/92,2,0,0.5563337802886963,0.4217803180217743
gsm8k/92,3,0,0.678244948387146,0.7528784871101379
gsm8k/93,0,0,0.3210357427597046,0.14058780670166016
gsm8k/93,1,0,0.2645045518875122,0.06075454130768776
gsm8k/93,2,0,0.018261579796671867,0.011417741887271404
gsm8k/93,3,0,0.09388875216245651,0.04469608515501022
gsm8k/94,0,0,0.580489456653595,0.5290042757987976
gsm8k/94,1,0,0.294015496969223,0.6760005950927734
gsm8k/94,2,0,0.6122401356697083,0.7394120693206787
gsm8k/94,3,1,0.6431121826171875,0.8775535225868225
gsm8k/95,0,0,0.5636630058288574,0.7239084243774414
gsm8k/95,1,0,0.8596904873847961,0.840110719203949
gsm8k/95,2,0,0.8381300568580627,0.8019954562187195
gsm8k/95,3,0,0.8774457573890686,0.8841792941093445
gsm8k/96,0,0,0.787302553653717,0.390785276889801
gsm8k/96,1,1,0.1867355853319168,0.24699467420578003
gsm8k/96,2,1,0.9282839894294739,0.6145068407058716
gsm8k/96,3,0,0.8408160209655762,0.6430773138999939
gsm8k/97,0,1,0.7208840250968933,0.6816845536231995
gsm8k/97,1,1,0.5915917754173279,0.4318801164627075
gsm8k/97,2,1,0.626750111579895,0.5781844258308411
gsm8k/97,3,1,0.6963154077529907,0.6256850361824036
gsm8k/98,0,0,0.6583395600318909,0.641194224357605
gsm8k/98,1,1,0.4675685465335846,0.6582228541374207
gsm8k/98,2,0,0.6916947960853577,0.43903857469558716
gsm8k/98,3,0,0.6194959282875061,0.4434964656829834
gsm8k/99,0,1,0.681102454662323,0.9126212000846863
gsm8k/99,1,1,0.5585832595825195,0.9080078601837158
gsm8k/99,2,1,0.5727442502975464,0.8591110706329346
gsm8k/99,3,1,0.7204183340072632,0.9268836975097656
gsm8k/100,0,0,0.2190108597278595,0.09491364657878876
gsm8k/100,1,0,0.31163641810417175,0.17548727989196777
gsm8k/100,2,0,0.3386591076850891,0.21320931613445282
gsm8k/100,3,0,0.2871825397014618,0.19308173656463623
gsm8k/101,0,1,0.6066219210624695,0.8741372227668762
gsm8k/101,1,1,0.6473723649978638,0.9045065641403198
gsm8k/101,2,1,0.3938174545764923,0.6974778771400452
gsm8k/101,3,1,0.64908766746521,0.8800951242446899
gsm8k/102,0,0,0.11107030510902405,0.8373011350631714
gsm8k/102,1,0,0.14140263199806213,0.3655502200126648
gsm8k/102,2,0,0.506264865398407,0.5855752825737
gsm8k/102,3,0,0.4670519530773163,0.6372846364974976
gsm8k/103,0,1,0.7318751811981201,0.871053159236908
gsm8k/103,1,1,0.7779050469398499,0.873269259929657
gsm8k/103,2,1,0.5868079662322998,0.7073332667350769
gsm8k/103,3,0,0.7316782474517822,0.8802139759063721
gsm8k/104,0,1,0.7124197483062744,0.8761100172996521
gsm8k/104,1,1,0.6474384069442749,0.7815852761268616
gsm8k/104,2,0,0.651885449886322,0.784088134765625
gsm8k/104,3,0,0.8073593974113464,0.6748732328414917
gsm8k/105,0,1,0.8751213550567627,0.9749757051467896
gsm8k/105,1,1,0.8061556220054626,0.9245167970657349
gsm8k/105,2,1,0.7854294776916504,0.9344276189804077
gsm8k/105,3,1,0.8664685487747192,0.9746588468551636
gsm8k/106,0,0,0.4562992453575134,0.21128401160240173
gsm8k/106,1,1,0.5738669633865356,0.5524937510490417
gsm8k/106,2,1,0.46031203866004944,0.6175721287727356
gsm8k/106,3,1,0.48993727564811707,0.31922364234924316
gsm8k/107,0,0,0.8314856886863708,0.837531566619873
gsm8k/107,1,0,0.8261774778366089,0.8051931262016296
gsm8k/107,2,0,0.8499046564102173,0.8515728116035461
gsm8k/107,3,0,0.8834967613220215,0.8561556339263916
gsm8k/108,0,1,0.4690112769603729,0.43471524119377136
gsm8k/108,1,1,0.4766574203968048,0.46960949897766113
gsm8k/108,2,1,0.4615590572357178,0.378361314535141
gsm8k/108,3,1,0.5072415471076965,0.4955011308193207
gsm8k/109,0,1,0.7491348385810852,0.8833699226379395
gsm8k/109,1,1,0.5942864418029785,0.7814364433288574
gsm8k/109,2,0,0.7910237908363342,0.836474597454071
gsm8k/109,3,0,0.47670671343803406,0.5635904669761658
gsm8k/110,0,0,0.35019323229789734,0.465523362159729
gsm8k/110,1,1,0.3574660122394562,0.7719683647155762
gsm8k/110,2,0,0.48974552750587463,0.6714937090873718
gsm8k/110,3,1,0.43414506316185,0.8168817758560181
gsm8k/111,0,0,0.7867385149002075,0.4002276062965393
gsm8k/111,1,1,0.6730430126190186,0.469331294298172
gsm8k/111,2,0,0.6142558455467224,0.37099340558052063
gsm8k/111,3,0,0.5852323174476624,0.29080331325531006
gsm8k/112,0,1,0.5520869493484497,0.6853537559509277
gsm8k/112,1,1,0.7592223286628723,0.8357869386672974
gsm8k/112,2,1,0.6926705837249756,0.7470876574516296
gsm8k/112,3,1,0.690733790397644,0.6083735227584839
gsm8k/113,0,1,0.8731210231781006,0.9921030402183533
gsm8k/113,1,0,0.8709704279899597,0.9807947278022766
gsm8k/113,2,0,0.8826291561126709,0.991933286190033
gsm8k/113,3,0,0.873729407787323,0.9785640239715576
gsm8k/114,0,0,0.7233855724334717,0.23809297382831573
gsm8k/114,1,0,0.7287876605987549,0.24532461166381836
gsm8k/114,2,0,0.7533861994743347,0.26509377360343933
gsm8k/114,3,0,0.7824105620384216,0.2785933315753937
gsm8k/115,0,0,0.2729451060295105,0.07275492697954178
gsm8k/115,1,0,0.23866437375545502,0.09916041791439056
gsm8k/115,2,0,0.2810157239437103,0.12751835584640503
gsm8k/115,3,0,0.2885759174823761,0.12193877249956131
gsm8k/116,0,1,0.7902450561523438,0.9652568101882935
gsm8k/116,1,1,0.795157790184021,0.9359697103500366
gsm8k/116,2,1,0.5499667525291443,0.6272176504135132
gsm8k/116,3,1,0.5245010852813721,0.7314785122871399
gsm8k/117,0,0,0.8884658813476562,0.9496276378631592
gsm8k/117,1,1,0.8790766000747681,0.9348210096359253
gsm8k/117,2,0,0.8939659595489502,0.959754228591919
gsm8k/117,3,1,0.8606715202331543,0.9555513858795166
gsm8k/118,0,0,0.40077948570251465,0.4327007830142975
gsm8k/118,1,1,0.6820586323738098,0.8928801417350769
gsm8k/118,2,1,0.451375812292099,0.5614699721336365
gsm8k/118,3,1,0.746954619884491,0.8788427710533142
gsm8k/119,0,0,0.40227898955345154,0.08869897574186325
gsm8k/119,1,0,0.2466135174036026,0.054675959050655365
gsm8k/119,2,0,0.12212961167097092,0.03757426142692566
gsm8k/119,3,0,0.030817385762929916,0.0191019419580698
gsm8k/120,0,1,0.15583330392837524,0.2770070433616638
gsm8k/120,1,1,0.7718213200569153,0.9175176620483398
gsm8k/120,2,1,0.790158212184906,0.9406271576881409
gsm8k/120,3,1,0.7464151978492737,0.9198153018951416
gsm8k/121,0,0,0.6925311088562012,0.7069609761238098
gsm8k/121,1,1,0.5415089130401611,0.4768231213092804
gsm8k/121,2,1,0.7365845441818237,0.799774169921875
gsm8k/121,3,1,0.6630709171295166,0.6592617034912109
gsm8k/122,0,1,0.5873971581459045,0.8185520172119141
gsm8k/122,1,0,0.2757907509803772,0.524813711643219
gsm8k/122,2,1,0.2754100263118744,0.664821207523346
gsm8k/122,3,0,0.1727755218744278,0.37739670276641846
gsm8k/123,0,1,0.7772234082221985,0.9609867334365845
gsm8k/123,1,1,0.7520337104797363,0.9514589309692383
gsm8k/123,2,1,0.7861747741699219,0.9304765462875366
gsm8k/123,3,1,0.7821789383888245,0.9544593691825867
gsm8k/124,0,1,0.5684877634048462,0.6562194228172302
gsm8k/124,1,1,0.5386571884155273,0.6341979503631592
gsm8k/124,2,0,0.5316756963729858,0.5278106927871704
gsm8k/124,3,1,0.5969059467315674,0.76817786693573
gsm8k/125,0,1,0.34005504846572876,0.7856801748275757
gsm8k/125,1,1,0.5098840594291687,0.9111935496330261
gsm8k/125,2,1,0.46479740738868713,0.9156679511070251
gsm8k/125,3,1,0.37873706221580505,0.8358016014099121
gsm8k/126,0,1,0.7526675462722778,0.9674054980278015
gsm8k/126,1,1,0.7726354598999023,0.9600102305412292
gsm8k/126,2,1,0.7521474957466125,0.962191104888916
gsm8k/126,3,1,0.8250393867492676,0.9666675925254822
gsm8k/127,0,0,0.903122067451477,0.9871371984481812
gsm8k/127,1,0,0.9020811915397644,0.7736840844154358
gsm8k/127,2,0,0.28159409761428833,0.4022780656814575
gsm8k/127,3,1,0.8973648548126221,0.9902779459953308
gsm8k/128,0,0,0.40939003229141235,0.14625343680381775
gsm8k/128,1,0,0.4383299946784973,0.14995549619197845
gsm8k/128,2,0,0.4107687771320343,0.1646362543106079
gsm8k/128,3,0,0.4526901841163635,0.14185641705989838
gsm8k/129,0,0,0.3973981738090515,0.2290421426296234
gsm8k/129,1,0,0.5012016892433167,0.20246855914592743
gsm8k/129,2,0,0.4861120283603668,0.25257256627082825
gsm8k/129,3,0,0.4479885995388031,0.2090330421924591
gsm8k/130,0,1,0.7675784230232239,0.7988901138305664
gsm8k/130,1,1,0.5280412435531616,0.7149086594581604
gsm8k/130,2,1,0.752119779586792,0.80463707447052
gsm8k/130,3,1,0.7528554797172546,0.796415388584137
gsm8k/131,0,1,0.7537606358528137,0.9344121217727661
gsm8k/131,1,1,0.7846165895462036,0.8388499021530151
gsm8k/131,2,1,0.7294836044311523,0.9385769963264465
gsm8k/131,3,1,0.8129962086677551,0.941692054271698
gsm8k/132,0,0,0.7338606119155884,0.8663091063499451
gsm8k/132,1,0,0.19707748293876648,0.2734695076942444
gsm8k/132,2,1,0.6051071286201477,0.7370268106460571
gsm8k/132,3,0,0.5719817280769348,0.7480009198188782
gsm8k/133,0,1,0.6466279029846191,0.862196147441864
gsm8k/133,1,1,0.7948727011680603,0.9603440165519714
gsm8k/133,2,0,0.6205911636352539,0.8655779957771301
gsm8k/133,3,1,0.717692494392395,0.9117867946624756
gsm8k/134,0,1,0.7700880765914917,0.7012687921524048
gsm8k/134,1,1,0.8091733455657959,0.8642451763153076
gsm8k/134,2,0,0.7653785347938538,0.8491448163986206
gsm8k/134,3,1,0.7481780052185059,0.8399218916893005
gsm8k/135,0,1,0.7902069091796875,0.912707507610321
gsm8k/135,1,1,0.7825927734375,0.8640358448028564
gsm8k/135,2,1,0.742973268032074,0.8789412975311279
gsm8k/135,3,1,0.7316398620605469,0.8910936117172241
gsm8k/136,0,1,0.7784281373023987,0.8489456176757812
gsm8k/136,1,1,0.8098269104957581,0.9071081876754761
gsm8k/136,2,1,0.789188802242279,0.8490925431251526
gsm8k/136,3,1,0.7914565205574036,0.8599351644515991
gsm8k/137,0,1,0.44444844126701355,0.6724931001663208
gsm8k/137,1,0,0.336815744638443,0.5220298767089844
gsm8k/137,2,1,0.44762638211250305,0.7046487331390381
gsm8k/137,3,1,0.404578298330307,0.6610603928565979
gsm8k/138,0,1,0.5827202200889587,0.7500515580177307
gsm8k/138,1,1,0.6450375914573669,0.7004903554916382
gsm8k/138,2,1,0.573811411857605,0.7495084404945374
gsm8k/138,3,1,0.6953794360160828,0.7403700351715088
gsm8k/139,0,1,0.39599061012268066,0.7899460196495056
gsm8k/139,1,0,0.5043061971664429,0.47964826226234436
gsm8k/139,2,0,0.6284669637680054,0.6799190044403076
gsm8k/139,3,0,0.5945040583610535,0.6636583805084229
gsm8k/140,0,1,0.843208372592926,0.5802379250526428
gsm8k/140,1,0,0.8712213635444641,0.23137035965919495
gsm8k/140,2,1,0.9433292150497437,0.32199347019195557
gsm8k/140,3,1,0.9496281743049622,0.40807026624679565
gsm8k/141,0,1,0.6351596117019653,0.2696012556552887
gsm8k/141,1,0,0.4430496394634247,0.18514060974121094
gsm8k/141,2,1,0.28084829449653625,0.19820287823677063
gsm8k/141,3,1,0.6658642888069153,0.3742835819721222
gsm8k/142,0,1,0.7710814476013184,0.8394259214401245
gsm8k/142,1,1,0.8016886711120605,0.8519003987312317
gsm8k/142,2,1,0.7428061962127686,0.8435482978820801
gsm8k/142,3,1,0.773631751537323,0.7242435216903687
gsm8k/143,0,0,0.3697541058063507,0.04429620876908302
gsm8k/143,1,1,0.36149516701698303,0.1940004825592041
gsm8k/143,2,0,0.3305659592151642,0.11185555160045624
gsm8k/143,3,1,0.22983796894550323,0.09634239971637726
gsm8k/144,0,0,0.25755542516708374,0.9112406373023987
gsm8k/144,1,1,0.5403555631637573,0.980690062046051
gsm8k/144,2,0,0.36088547110557556,0.9371842741966248
gsm8k/144,3,1,0.6110789179801941,0.9796058535575867
gsm8k/145,0,1,0.7234964370727539,0.608854353427887
gsm8k/145,1,1,0.5311651825904846,0.1895265281200409
gsm8k/145,2,1,0.8138359785079956,0.7515038847923279
gsm8k/145,3,0,0.6030035614967346,0.5492821931838989
gsm8k/146,0,0,0.3404850661754608,0.35423392057418823
gsm8k/146,1,1,0.5204456448554993,0.7226970791816711
gsm8k/146,2,1,0.7270005941390991,0.8211875557899475
gsm8k/146,3,1,0.6507614254951477,0.8159874677658081
gsm8k/147,0,0,0.01594366505742073,0.05431705713272095
gsm8k/147,1,1,0.19814684987068176,0.45016220211982727
gsm8k/147,2,0,0.24537254869937897,0.6030659675598145
gsm8k/147,3,0,0.19165857136249542,0.46215006709098816
gsm8k/148,0,1,0.6049626469612122,0.7365400791168213
gsm8k/148,1,1,0.5582820177078247,0.7391319274902344
gsm8k/148,2,1,0.5295221209526062,0.6545913815498352
gsm8k/148,3,1,0.648444652557373,0.8509232401847839
gsm8k/149,0,1,0.8863472938537598,0.8702282905578613
gsm8k/149,1,1,0.8319363594055176,0.8707621097564697
gsm8k/149,2,1,0.8515509366989136,0.7691422700881958
gsm8k/149,3,0,0.7022188305854797,0.5762521028518677
gsm8k/150,0,0,0.5158575773239136,0.4364222288131714
gsm8k/150,1,0,0.5700486898422241,0.5026265978813171
gsm8k/150,2,0,0.7796987295150757,0.5294416546821594
gsm8k/150,3,0,0.7743444442749023,0.5402954816818237
gsm8k/151,0,0,0.7351546287536621,0.5561828017234802
gsm8k/151,1,0,0.6458259224891663,0.45510971546173096
gsm8k/151,2,1,0.4959271550178528,0.300531804561615
gsm8k/151,3,0,0.6897562146186829,0.509162962436676
gsm8k/152,0,1,0.8391647338867188,0.9618387222290039
gsm8k/152,1,1,0.7851064205169678,0.9542662501335144
gsm8k/152,2,1,0.7417929172515869,0.9440101385116577
gsm8k/152,3,1,0.715559720993042,0.9286112785339355
gsm8k/153,0,0,0.31853270530700684,0.3214716613292694
gsm8k/153,1,0,0.27326491475105286,0.3025292456150055
gsm8k/153,2,0,0.29881611466407776,0.302590548992157
gsm8k/153,3,0,0.034528911113739014,0.08958973735570908
gsm8k/154,0,0,0.4389179050922394,0.3814599812030792
gsm8k/154,1,0,0.4611927270889282,0.16081354022026062
gsm8k/154,2,1,0.37423133850097656,0.3232068121433258
gsm8k/154,3,0,0.3841419517993927,0.26762890815734863
gsm8k/155,0,1,0.37000325322151184,0.4001368284225464
gsm8k/155,1,0,0.3265853822231293,0.16126929223537445
gsm8k/155,2,0,0.2964255213737488,0.11450900137424469
gsm8k/155,3,1,0.614298939704895,0.6227464079856873
gsm8k/156,0,1,0.6825817823410034,0.7161338925361633
gsm8k/156,1,0,0.6414468288421631,0.45797064900398254
gsm8k/156,2,1,0.6634570956230164,0.7332713603973389
gsm8k/156,3,0,0.6414468288421631,0.45797064900398254
gsm8k/157,0,1,0.2524773180484772,0.3660871982574463
gsm8k/157,1,0,0.04550715163350105,0.13817133009433746
gsm8k/157,2,0,0.2934758961200714,0.2625347971916199
gsm8k/157,3,0,0.25152868032455444,0.26383212208747864
gsm8k/158,0,1,0.8003313541412354,0.8548147082328796
gsm8k/158,1,1,0.5825855731964111,0.728272557258606
gsm8k/158,2,1,0.7156639695167542,0.7023760676383972
gsm8k/158,3,1,0.5379906892776489,0.2894314229488373
gsm8k/159,0,1,0.7130378484725952,0.7743097543716431
gsm8k/159,1,0,0.3131366968154907,0.17652583122253418
gsm8k/159,2,1,0.774044394493103,0.8041224479675293
gsm8k/159,3,1,0.5496445894241333,0.4172385632991791
gsm8k/160,0,0,0.677409827709198,0.7708271145820618
gsm8k/160,1,1,0.6884954571723938,0.7679628729820251
gsm8k/160,2,0,0.6599916815757751,0.7688350677490234
gsm8k/160,3,1,0.6775302886962891,0.8051446676254272
gsm8k/161,0,0,0.46387746930122375,0.270710825920105
gsm8k/161,1,1,0.6236748099327087,0.8014851212501526
gsm8k/161,2,0,0.05722483620047569,0.13461899757385254
gsm8k/161,3,0,0.47013071179389954,0.27685725688934326
gsm8k/162,0,0,0.6894875168800354,0.37357577681541443
gsm8k/162,1,0,0.2654193341732025,0.03948245570063591
gsm8k/162,2,1,0.6368804574012756,0.283493310213089
gsm8k/162,3,1,0.6393070816993713,0.2813567519187927
gsm8k/163,0,0,0.4340856671333313,0.11621647328138351
gsm8k/163,1,0,0.5381824374198914,0.14075610041618347
gsm8k/163,2,0,0.4845306873321533,0.14726749062538147
gsm8k/163,3,0,0.42747923731803894,0.14527715742588043
gsm8k/164,0,1,0.6481248736381531,0.45098286867141724
gsm8k/164,1,1,0.5455296039581299,0.3300875127315521
gsm8k/164,2,1,0.6323387026786804,0.4777257442474365
gsm8k/164,3,1,0.6840224266052246,0.4057052433490753
gsm8k/165,0,1,0.3941076397895813,0.672156572341919
gsm8k/165,1,0,0.17366813123226166,0.588093638420105
gsm8k/165,2,1,0.4159215986728668,0.657217264175415
gsm8k/165,3,1,0.3769868016242981,0.6342570781707764
gsm8k/166,0,1,0.6949763298034668,0.8505132794380188
gsm8k/166,1,1,0.746604859828949,0.9113020300865173
gsm8k/166,2,1,0.748236894607544,0.9190046191215515
gsm8k/166,3,1,0.741457462310791,0.9236195087432861
gsm8k/167,0,0,0.7152069807052612,0.9455335140228271
gsm8k/167,1,0,0.6408156752586365,0.8790304064750671
gsm8k/167,2,0,0.7469866871833801,0.9401507377624512
gsm8k/167,3,1,0.6734818816184998,0.9175995588302612
gsm8k/168,0,1,0.9002879858016968,0.9375372529029846
gsm8k/168,1,0,0.13377933204174042,0.13118362426757812
gsm8k/168,2,1,0.9013673663139343,0.956014096736908
gsm8k/168,3,1,0.8037124276161194,0.8125556707382202
gsm8k/169,0,1,0.6067483425140381,0.46890807151794434
gsm8k/169,1,1,0.7501859664916992,0.7281115651130676
gsm8k/169,2,1,0.724030613899231,0.7397091388702393
gsm8k/169,3,1,0.9341230392456055,0.3125460147857666
